reference,material,quantity
17994572,Field Guides - California,10
17994548,811 Sticker (2.5),20
17994548,811 Sticker (6),6
17994548,811 Sticker (9),8
17994548,Field Guides - California,20
17994526,811 Sticker (2.5),30
17994526,811 Sticker (6),15
17994526,811 Sticker (9),4
17994526,Color Code Stickers,35
17994526,Field Guides - California,30
17993619,811 Sticker (2.5),12
17993619,811 Sticker (6),10
17993619,Color Code Stickers,25
17993619,Field Guides - California,20
17962645,811 Sticker (2.5),30
17962645,811 Sticker (6),30
17962645,811 Sticker (9),15
17962645,Color Code Stickers,25
17962645,Field Guides - California,25
17962621,Stress Balls - Soccer,100
17962609,Stress Balls - Soccer,157
17941800,Stress Balls - Soccer,200
17939764,Stress Balls - Soccer,110
17939754,811 Sticker (2.5),30
17939754,811 Sticker (6),25
17939754,811 Sticker (9),10
17939754,Color Code Stickers,20
17939754,Field Guides - California,40
17939740,811 Sticker (2.5),25
17939740,811 Sticker (6),15
17939740,811 Sticker (9),10
17939740,Color Code Stickers,20
17939740,Field Guides - California,30
17937851,811 Sticker (2.5),25
17937851,811 Sticker (6),10
17937851,811 Sticker (9),8
17937851,Field Guides - California,30
17926852,Chip Clips,15
17926852,Color Code Magnets,12
17926852,Koozies,25
17926852,Slap Bracelets,45
17926852,Stress Balls - Soccer,26
17926852,Sunglasses,22
17915935,Chip Clips,2
17915935,Keychains,1
17915935,Koozies,2
17915935,Slap Bracelets,2
17915935,Stress Balls - Soccer,8
17915935,Sunglasses,3
17909851,Chip Clips,5
17909851,Color Code Magnets,2
17909851,Keychains,10
17909851,Koozies,8
17909851,Slap Bracelets,6
17909851,Stress Balls - Soccer,12
17909851,Sunglasses,6
17909833,811 Sticker (2.5),5
17909833,Color Code Magnets,6
17909833,Keychains,12
17909833,Koozies,15
17909833,Slap Bracelets,25
17909833,Stress Balls - Soccer,25
17909833,Sunglasses,16
17909798,Chip Clips,32
17909798,Keychains,24
17909798,Koozies,19
17909798,Slap Bracelets,54
17909798,Stress Balls - Soccer,68
17909798,Sunglasses,25
17909788,Chip Clips,32
17909788,Keychains,24
17909788,Koozies,19
17909788,Slap Bracelets,54
17909788,Stress Balls - Soccer,68
17909788,Sunglasses,25
17900541,Chip Clips,65
17900541,Keychains,30
17900541,Koozies,36
17900541,Slap Bracelets,63
17900541,Sunglasses,20
17894588,Chip Clips,5
17894588,Keychains,3
17894588,Slap Bracelets,6
17894588,Sunglasses,4
17889554,Chip Clips,46
17889554,Keychains,54
17889554,Koozies,50
17889554,Slap Bracelets,65
17889554,Sunglasses,36
17889473,811 Sticker (2.5),50
17889473,811 Sticker (6),50
17889473,811 Sticker (9),40
17889473,Color Code Stickers,50
17889473,Field Guides - California,25
17882853,811 Sticker (2.5),6
17882853,811 Sticker (6),5
17882853,Color Code Stickers,12
17879013,811 Sticker (2.5),30
17879013,811 Sticker (6),14
17879013,811 Sticker (9),2
17879013,Field Guides - California,35
17879013,Manuals - California,6
17877099,811 Sticker (2.5),100
17877099,811 Sticker (6),100
17877099,811 Sticker (9),50
17877099,Color Code Stickers,100
17877099,Koozies,25
17877068,811 Sticker (2.5),35
17877068,811 Sticker (6),30
17877068,811 Sticker (9),15
17877068,Color Code Stickers,50
17877068,Field Guides - California,25
17877046,811 Sticker (2.5),30
17877046,811 Sticker (6),30
17877046,811 Sticker (9),20
17877046,Color Code Stickers,30
17877046,Field Guides - California,20
17871491,Field Guides - California,12
17871338,811 Sticker (2.5),30
17871338,811 Sticker (6),20
17871338,Field Guides - California,30
17871338,Koozies,30
17871338,Manuals - California,15
17863893,Chip Clips,20
17863893,Keychains,10
17863893,Koozies,13
17863893,Slap Bracelets,25
17863893,Sunglasses,12
17858711,Chip Clips,30
17858711,Keychains,12
17858711,Koozies,15
17858711,Slap Bracelets,35
17858711,Sunglasses,24
17853883,Chip Clips,15
17853883,Keychains,15
17853883,Koozies,12
17853883,Slap Bracelets,25
17853883,Sunglasses,12
17843258,811 Sticker (2.5),30
17843258,811 Sticker (6),20
17843258,811 Sticker (9),10
17843258,Field Guides - California,20
17843213,811 Sticker (2.5),70
17843213,811 Sticker (6),70
17843213,811 Sticker (9),70
17843213,Color Code Stickers,70
17843213,Field Guides - California,20
17818401,811 Sticker (2.5),35
17818401,811 Sticker (6),20
17818401,811 Sticker (9),10
17818401,Color Code Stickers,25
17818401,Field Guides - California,15
17818205,811 Sticker (2.5),40
17818205,811 Sticker (6),25
17818205,811 Sticker (9),12
17818205,Color Code Stickers,35
17818205,Field Guides - California,25
17813181,811 Sticker (2.5),10
17813181,811 Sticker (6),2
17813181,Color Code Magnets,8
17813181,Color Code Stickers,8
17813181,Field Guides - California,10
17784621,811 Sticker (2.5),50
17784621,811 Sticker (6),35
17784621,811 Sticker (9),15
17784621,Color Code Stickers,30
17784570,811 Sticker (2.5),50
17784570,811 Sticker (6),25
17784570,811 Sticker (9),20
17784570,Color Code Stickers,20
17784536,811 Sticker (2.5),180
17784536,811 Sticker (6),50
17777475,811 Sticker (2.5),25
17777475,811 Sticker (6),10
17777475,Color Code Stickers,30
17777475,Manuals - California,10
17777038,811 Sticker (2.5),30
17777038,811 Sticker (6),15
17777038,811 Sticker (9),7
17777038,Color Code Stickers,35
17777038,Field Guides - California,20
17773220,811 Sticker (2.5),20
17773220,811 Sticker (6),12
17773220,811 Sticker (9),10
17773220,Color Code Stickers,25
17773220,Field Guides - California,20
17738686,811 Sticker (2.5),30
17738686,811 Sticker (6),25
17738686,Manuals - California,20
17738667,811 Sticker (2.5),5
17738667,811 Sticker (6),3
17738667,Manuals - California,4
17738643,811 Sticker (2.5),15
17738643,811 Sticker (6),10
17738643,Color Code Stickers,20
17738643,Field Guides - California,3
17737968,811 Sticker (2.5),5
17737968,811 Sticker (6),5
17737968,811 Sticker (9),5
17737968,Field Guides - California,7
17715067,811 Sticker (2.5),50
17715067,811 Sticker (6),20
17715067,811 Sticker (9),15
17715067,Color Code Stickers,50
17714882,Chip Clips,100
17714882,Keychains,87
17714882,Koozies,100
17714882,Slap Bracelets,100
17714882,Sunglasses,65
17694233,811 Sticker (2.5),30
17694233,811 Sticker (6),30
17694233,811 Sticker (9),25
17694233,Color Code Stickers,30
17688115,811 Sticker (2.5),80
17688115,811 Sticker (6),80
17688115,Color Code Stickers,80
17688115,Manuals - California,20
17688084,Chip Clips,100
17688084,Keychains,85
17688084,Koozies,100
17688084,Slap Bracelets,100
17688084,Sunglasses,65
17676830,811 Sticker (2.5),20
17676830,811 Sticker (6),25
17676830,811 Sticker (9),8
17676830,Color Code Stickers,35
17676830,Manuals - California,8
17659292,811 Sticker (2.5),10
17659292,811 Sticker (6),15
17659292,Color Code Stickers,18
17659292,Manuals - California,35
17650094,811 Sticker (2.5),15
17650094,811 Sticker (6),8
17650094,Color Code Stickers,20
17650094,Field Guides - California,12
17650038,Chip Clips,34
17650038,Keychains,39
17650038,Koozies,45
17650038,Slap Bracelets,52
17650038,Sunglasses,30
17636547,811 Sticker (2.5),35
17636547,811 Sticker (6),22
17636547,Color Code Stickers,43
17630142,811 Sticker (2.5),10
17630142,Color Code Stickers,15
17630142,Manuals - California,12
17606876,811 Sticker (2.5),10
17606876,811 Sticker (6),5
17606876,Color Code Stickers,23
17606861,811 Sticker (6),3
17604788,Chip Clips,78
17604788,Keychains,75
17604788,Koozies,67
17604788,Slap Bracelets,72
17604788,Sunglasses,30
17604461,811 Sticker (2.5),50
17604461,811 Sticker (6),50
17604461,811 Sticker (9),20
17604461,Color Code Stickers,60
17600788,Chip Clips,60
17600788,Keychains,50
17600788,Koozies,75
17600788,Slap Bracelets,100
17600788,Sunglasses,36
17596391,811 Sticker (2.5),30
17596391,811 Sticker (6),30
17596391,811 Sticker (9),10
17596391,Color Code Stickers,45
17579976,Chip Clips,28
17579976,Keychains,15
17579976,Koozies,20
17579976,Slap Bracelets,25
17579976,Sunglasses,12
17559948,Chip Clips,79
17559948,Keychains,87
17559948,Koozies,100
17559948,Slap Bracelets,100
17559948,Sunglasses,65
17541761,Chip Clips,100
17541761,Keychains,100
17541761,Koozies,100
17541761,Slap Bracelets,100
17541761,Sunglasses,40
17541499,811 Sticker (2.5),100
17541499,811 Sticker (6),100
17541499,Color Code Stickers,100
17510466,811 Sticker (2.5),25
17510466,811 Sticker (6),25
17510466,Color Code Stickers,40
17510448,811 Sticker (2.5),10
17510448,811 Sticker (6),4
17510448,Color Code Stickers,8
17510440,811 Sticker (2.5),40
17510440,811 Sticker (6),25
17510440,Color Code Stickers,45
17510440,Manuals - California,2
17510423,811 Sticker (2.5),30
17510423,811 Sticker (6),30
17510423,Color Code Stickers,30
17510327,811 Sticker (2.5),50
17510327,811 Sticker (6),50
17510327,Color Code Stickers,100
17510304,811 Sticker (2.5),30
17510304,811 Sticker (6),30
17510304,Color Code Stickers,50
17510249,811 Sticker (2.5),15
17510249,811 Sticker (6),15
17510249,Color Code Stickers,25
17506010,811 Sticker (2.5),40
17506010,811 Sticker (6),32
17506010,811 Sticker (9),13
17506010,Color Code Magnets,25
17506010,Color Code Stickers,36
17506010,Manuals - California,28
17505940,811 Sticker (2.5),30
17505940,811 Sticker (6),40
17505940,811 Sticker (9),12
17505940,Color Code Magnets,35
17505940,Color Code Stickers,40
17505940,Manuals - California,25
17505806,Chip Clips,52
17505806,Keychains,27
17505806,Koozies,47
17505806,Slap Bracelets,86
17505806,Sunglasses,70
17505783,811 Sticker (2.5),20
17505783,811 Sticker (6),20
17505783,811 Sticker (9),5
17505783,Color Code Stickers,20
17505762,811 Sticker (2.5),15
17505762,811 Sticker (6),10
17505762,811 Sticker (9),5
17505762,Color Code Stickers,20
17505737,811 Sticker (2.5),75
17505737,811 Sticker (6),50
17505737,811 Sticker (9),20
17505737,Color Code Stickers,75
17505737,Manuals - California,10
17462154,811 Sticker (2.5),20
17462154,811 Sticker (6),15
17462154,811 Sticker (9),10
17462154,Color Code Stickers,20
17462154,Manuals - California,7
17460219,811 Sticker (2.5),20
17460219,Color Code Stickers,15
17446957,811 Sticker (2.5),8
17446957,811 Sticker (6),7
17446957,Color Code Magnets,2
17446957,Color Code Stickers,10
17446957,Manuals - California,8
17446149,811 Sticker (2.5),75
17446149,811 Sticker (6),50
17446149,811 Sticker (9),15
17446149,Color Code Stickers,75
17446149,Manuals - Nevada,10
17445651,Chip Clips,100
17445651,Keychains,100
17445651,Koozies,100
17445651,Slap Bracelets,100
17445651,Sunglasses,60
17392871,811 Sticker (2.5),20
17392871,811 Sticker (6),20
17392871,Color Code Stickers,20
17392833,811 Sticker (2.5),35
17392833,811 Sticker (6),20
17392833,Color Code Stickers,50
17392833,Manuals - California,3
17392780,811 Sticker (2.5),20
17392780,811 Sticker (6),20
17392780,Color Code Stickers,50
17392780,Manuals - California,2
17392757,811 Sticker (2.5),35
17392757,811 Sticker (6),28
17392757,Field Guides - California,2
17392757,Koozies,25
17391583,811 Sticker (2.5),8
17391583,811 Sticker (6),8
17391583,Color Code Stickers,12
17391583,Manuals - California,10
17382227,811 Sticker (2.5),35
17382227,811 Sticker (6),25
17382227,811 Sticker (9),10
17382227,Color Code Stickers,50
17378012,811 Sticker (2.5),100
17378012,811 Sticker (6),50
17378012,811 Sticker (9),5
17378012,Color Code Stickers,100
17368565,811 Sticker (2.5),12
17368565,811 Sticker (6),10
17368565,Color Code Stickers,10
17368565,Manuals - California,10
17351743,Chip Clips,214
17351743,Keychains,320
17351743,Slap Bracelets,371
17351743,Sunglasses,587
17351312,Chip Clips,100
17351312,Keychains,69
17351312,Koozies,93
17351312,Slap Bracelets,95
17351312,Sunglasses,60
17341878,811 Sticker (2.5),15
17341878,811 Sticker (6),12
17341878,Color Code Stickers,20
17341878,Manuals - California,12
17341764,811 Sticker (2.5),30
17341764,811 Sticker (6),20
17341764,811 Sticker (9),3
17341764,Color Code Stickers,15
17323727,811 Sticker (2.5),15
17323727,811 Sticker (6),15
17323727,811 Sticker (9),5
17323727,Color Code Stickers,20
17234347,811 Sticker (2.5),100
17234347,811 Sticker (6),100
17234347,811 Sticker (9),50
17234347,Color Code Stickers,100
17234347,Manuals - California,25
17210499,811 Sticker (2.5),25
17210499,811 Sticker (6),25
17210499,Color Code Stickers,25
17210387,811 Sticker (2.5),20
17210387,811 Sticker (6),20
17210387,Color Code Stickers,30
17184968,811 Sticker (2.5),30
17184968,811 Sticker (6),25
17184968,Color Code Stickers,45
17167562,811 Sticker (2.5),6
17167562,811 Sticker (6),8
17167562,Manuals - California,5
17166829,811 Sticker (2.5),30
17166829,811 Sticker (6),30
17166829,Color Code Stickers,50
17152165,811 Sticker (2.5),30
17152165,811 Sticker (6),30
17152165,Color Code Stickers,40
17152165,Field Guides - California,5
